"","set","model","feat_type","fold"
"1","set_0","WeightedEnsemble_L2","SubstructureCount",0
"2","set_0","WeightedEnsemble_L2","mordred",1
"3","set_0","WeightedEnsemble_L2","AtomPairs2D",2
"4","set_0","WeightedEnsemble_L2","mordred",3
"5","set_0","WeightedEnsemble_L2","padel",4
"6","set_1","WeightedEnsemble_L2","PubChem",0
"7","set_1","WeightedEnsemble_L2","padel",1
"8","set_1","WeightedEnsemble_L2","AtomPairs2DCount",2
"9","set_1","WeightedEnsemble_L2","padel",3
"10","set_1","WeightedEnsemble_L2","AtomPairs2DCount",4
"11","set_10","WeightedEnsemble_L2","padel",0
"12","set_10","WeightedEnsemble_L2","SubstructureCount",1
"13","set_10","WeightedEnsemble_L2","CDKgraphonly",2
"14","set_10","WeightedEnsemble_L2","KlekotaRoth",3
"15","set_10","WeightedEnsemble_L2","KlekotaRoth",4
"16","set_11","WeightedEnsemble_L2","padel",0
"17","set_11","WeightedEnsemble_L2","padel",1
"18","set_11","WeightedEnsemble_L2","padel",2
"19","set_11","WeightedEnsemble_L2","AtomPairs2DCount",3
"20","set_11","WeightedEnsemble_L2","AtomPairs2DCount",4
"21","set_12","WeightedEnsemble_L2","mordred",0
"22","set_12","WeightedEnsemble_L2","mordred",1
"23","set_12","WeightedEnsemble_L2","SubstructureCount",2
"24","set_12","WeightedEnsemble_L2","AtomPairs2DCount",3
"25","set_12","WeightedEnsemble_L2","SubstructureCount",4
"26","set_13","WeightedEnsemble_L2","CDKextended",0
"27","set_13","WeightedEnsemble_L2","KlekotaRothCount",1
"28","set_13","WeightedEnsemble_L2","AtomPairs2DCount",2
"29","set_13","WeightedEnsemble_L2","MACCS",3
"30","set_13","WeightedEnsemble_L2","padel",4
"31","set_14","WeightedEnsemble_L2","mordred",0
"32","set_14","WeightedEnsemble_L2","mordred",1
"33","set_14","WeightedEnsemble_L2","SubstructureCount",2
"34","set_14","WeightedEnsemble_L2","padel",3
"35","set_14","WeightedEnsemble_L2","SubstructureCount",4
"36","set_15","WeightedEnsemble_L2","mordred",0
"37","set_15","WeightedEnsemble_L2","mordred",1
"38","set_15","WeightedEnsemble_L2","padel",2
"39","set_15","WeightedEnsemble_L2","padel",3
"40","set_15","WeightedEnsemble_L2","AtomPairs2DCount",4
"41","set_16","WeightedEnsemble_L2","mordred",0
"42","set_16","WeightedEnsemble_L2","KlekotaRothCount",1
"43","set_16","WeightedEnsemble_L2","mordred",2
"44","set_16","WeightedEnsemble_L2","padel",3
"45","set_16","WeightedEnsemble_L2","padel",4
"46","set_17","WeightedEnsemble_L2","AtomPairs2DCount",0
"47","set_17","WeightedEnsemble_L2","KlekotaRothCount",1
"48","set_17","WeightedEnsemble_L2","mordred",2
"49","set_17","WeightedEnsemble_L2","padel",3
"50","set_17","WeightedEnsemble_L2","padel",4
"51","set_18","WeightedEnsemble_L2","mordred",0
"52","set_18","WeightedEnsemble_L2","AtomPairs2D",1
"53","set_18","WeightedEnsemble_L2","PubChem",2
"54","set_18","WeightedEnsemble_L2","CDKgraphonly",3
"55","set_18","WeightedEnsemble_L2","CDKgraphonly",4
"56","set_19","WeightedEnsemble_L2","mordred",0
"57","set_19","WeightedEnsemble_L2","padel",1
"58","set_19","WeightedEnsemble_L2","mordred",2
"59","set_19","WeightedEnsemble_L2","mordred",3
"60","set_19","WeightedEnsemble_L2","padel",4
"61","set_2","WeightedEnsemble_L2","mordred",0
"62","set_2","WeightedEnsemble_L2","AtomPairs2DCount",1
"63","set_2","WeightedEnsemble_L2","PubChem",2
"64","set_2","WeightedEnsemble_L2","SubstructureCount",3
"65","set_2","WeightedEnsemble_L2","PubChem",4
"66","set_20","WeightedEnsemble_L2","mordred",0
"67","set_20","WeightedEnsemble_L2","Substructure",1
"68","set_20","WeightedEnsemble_L2","AtomPairs2DCount",2
"69","set_20","WeightedEnsemble_L2","KlekotaRothCount",3
"70","set_20","WeightedEnsemble_L2","AtomPairs2DCount",4
"71","set_21","WeightedEnsemble_L2","padel",0
"72","set_21","WeightedEnsemble_L2","mordred",1
"73","set_21","WeightedEnsemble_L2","CDKextended",2
"74","set_21","WeightedEnsemble_L2","padel",3
"75","set_21","WeightedEnsemble_L2","AtomPairs2DCount",4
"76","set_22","WeightedEnsemble_L2","padel",0
"77","set_22","WeightedEnsemble_L2","padel",1
"78","set_22","WeightedEnsemble_L2","AtomPairs2D",2
"79","set_22","WeightedEnsemble_L2","padel",3
"80","set_22","WeightedEnsemble_L2","SubstructureCount",4
"81","set_23","WeightedEnsemble_L2","CDK",0
"82","set_23","WeightedEnsemble_L2","CDK",1
"83","set_23","WeightedEnsemble_L2","padel",2
"84","set_23","WeightedEnsemble_L2","SubstructureCount",3
"85","set_23","WeightedEnsemble_L2","mordred",4
"86","set_24","WeightedEnsemble_L2","EState",0
"87","set_24","WeightedEnsemble_L2","EState",1
"88","set_24","WeightedEnsemble_L2","padel",2
"89","set_24","WeightedEnsemble_L2","padel",3
"90","set_24","WeightedEnsemble_L2","AtomPairs2DCount",4
"91","set_25","WeightedEnsemble_L2","mordred",0
"92","set_25","WeightedEnsemble_L2","AtomPairs2DCount",1
"93","set_25","WeightedEnsemble_L2","padel",2
"94","set_25","WeightedEnsemble_L2","AtomPairs2DCount",3
"95","set_25","WeightedEnsemble_L2","KlekotaRothCount",4
"96","set_26","WeightedEnsemble_L2","padel",0
"97","set_26","WeightedEnsemble_L2","AtomPairs2DCount",1
"98","set_26","WeightedEnsemble_L2","AtomPairs2DCount",2
"99","set_26","WeightedEnsemble_L2","padel",3
"100","set_26","WeightedEnsemble_L2","AtomPairs2DCount",4
"101","set_27","WeightedEnsemble_L2","SubstructureCount",0
"102","set_27","WeightedEnsemble_L2","SubstructureCount",1
"103","set_27","WeightedEnsemble_L2","padel",2
"104","set_27","WeightedEnsemble_L2","mordred",3
"105","set_27","WeightedEnsemble_L2","mordred",4
"106","set_28","WeightedEnsemble_L2","mordred",0
"107","set_28","WeightedEnsemble_L2","KlekotaRothCount",1
"108","set_28","WeightedEnsemble_L2","padel",2
"109","set_28","WeightedEnsemble_L2","Substructure",3
"110","set_28","WeightedEnsemble_L2","PubChem",4
"111","set_29","WeightedEnsemble_L2","KlekotaRothCount",0
"112","set_29","WeightedEnsemble_L2","mordred",1
"113","set_29","WeightedEnsemble_L2","KlekotaRoth",2
"114","set_29","WeightedEnsemble_L2","padel",3
"115","set_29","WeightedEnsemble_L2","KlekotaRothCount",4
"116","set_3","WeightedEnsemble_L2","KlekotaRoth",0
"117","set_3","WeightedEnsemble_L2","KlekotaRoth",1
"118","set_3","WeightedEnsemble_L2","mordred",2
"119","set_3","WeightedEnsemble_L2","AtomPairs2D",3
"120","set_3","WeightedEnsemble_L2","SubstructureCount",4
"121","set_30","WeightedEnsemble_L2","SubstructureCount",0
"122","set_30","WeightedEnsemble_L2","PubChem",1
"123","set_30","WeightedEnsemble_L2","padel",2
"124","set_30","WeightedEnsemble_L2","SubstructureCount",3
"125","set_30","WeightedEnsemble_L2","AtomPairs2DCount",4
"126","set_31","WeightedEnsemble_L2","PubChem",0
"127","set_31","WeightedEnsemble_L2","KlekotaRothCount",1
"128","set_31","WeightedEnsemble_L2","AtomPairs2DCount",2
"129","set_31","WeightedEnsemble_L2","padel",3
"130","set_31","WeightedEnsemble_L2","AtomPairs2DCount",4
"131","set_32","WeightedEnsemble_L2","KlekotaRothCount",0
"132","set_32","WeightedEnsemble_L2","SubstructureCount",1
"133","set_32","WeightedEnsemble_L2","padel",2
"134","set_32","WeightedEnsemble_L2","AtomPairs2DCount",3
"135","set_32","WeightedEnsemble_L2","AtomPairs2DCount",4
"136","set_33","WeightedEnsemble_L2","AtomPairs2DCount",0
"137","set_33","WeightedEnsemble_L2","KlekotaRothCount",1
"138","set_33","WeightedEnsemble_L2","AtomPairs2DCount",2
"139","set_33","WeightedEnsemble_L2","MACCS",3
"140","set_33","WeightedEnsemble_L2","AtomPairs2DCount",4
"141","set_34","WeightedEnsemble_L2","mordred",0
"142","set_34","WeightedEnsemble_L2","CDK",1
"143","set_34","WeightedEnsemble_L2","SubstructureCount",2
"144","set_34","WeightedEnsemble_L2","KlekotaRothCount",3
"145","set_34","WeightedEnsemble_L2","KlekotaRothCount",4
"146","set_35","WeightedEnsemble_L2","mordred",0
"147","set_35","WeightedEnsemble_L2","mordred",1
"148","set_35","WeightedEnsemble_L2","mordred",2
"149","set_35","WeightedEnsemble_L2","KlekotaRothCount",3
"150","set_35","WeightedEnsemble_L2","SubstructureCount",4
"151","set_36","WeightedEnsemble_L2","SubstructureCount",0
"152","set_36","WeightedEnsemble_L2","KlekotaRoth",1
"153","set_36","WeightedEnsemble_L2","KlekotaRoth",2
"154","set_36","WeightedEnsemble_L2","padel",3
"155","set_36","WeightedEnsemble_L2","SubstructureCount",4
"156","set_37","WeightedEnsemble_L2","mordred",0
"157","set_37","WeightedEnsemble_L2","SubstructureCount",1
"158","set_37","WeightedEnsemble_L2","CDKextended",2
"159","set_37","WeightedEnsemble_L2","KlekotaRoth",3
"160","set_37","WeightedEnsemble_L2","AtomPairs2DCount",4
"161","set_38","WeightedEnsemble_L2","CDK",0
"162","set_38","WeightedEnsemble_L2","KlekotaRothCount",1
"163","set_38","WeightedEnsemble_L2","mordred",2
"164","set_38","WeightedEnsemble_L2","AtomPairs2DCount",3
"165","set_38","WeightedEnsemble_L2","mordred",4
"166","set_39","WeightedEnsemble_L2","padel",0
"167","set_39","WeightedEnsemble_L2","KlekotaRoth",1
"168","set_39","WeightedEnsemble_L2","mordred",2
"169","set_39","WeightedEnsemble_L2","SubstructureCount",3
"170","set_39","WeightedEnsemble_L2","SubstructureCount",4
"171","set_4","WeightedEnsemble_L2","mordred",0
"172","set_4","WeightedEnsemble_L2","KlekotaRothCount",1
"173","set_4","WeightedEnsemble_L2","SubstructureCount",2
"174","set_4","WeightedEnsemble_L2","AtomPairs2DCount",3
"175","set_4","WeightedEnsemble_L2","SubstructureCount",4
"176","set_40","WeightedEnsemble_L2","padel",0
"177","set_40","WeightedEnsemble_L2","KlekotaRoth",1
"178","set_40","WeightedEnsemble_L2","padel",2
"179","set_40","WeightedEnsemble_L2","padel",3
"180","set_40","WeightedEnsemble_L2","padel",4
"181","set_41","WeightedEnsemble_L2","padel",0
"182","set_41","WeightedEnsemble_L2","padel",1
"183","set_41","WeightedEnsemble_L2","mordred",2
"184","set_41","WeightedEnsemble_L2","KlekotaRothCount",3
"185","set_41","WeightedEnsemble_L2","KlekotaRothCount",4
"186","set_42","WeightedEnsemble_L2","EState",0
"187","set_42","WeightedEnsemble_L2","PubChem",1
"188","set_42","WeightedEnsemble_L2","AtomPairs2DCount",2
"189","set_42","WeightedEnsemble_L2","padel",3
"190","set_42","WeightedEnsemble_L2","CDKgraphonly",4
"191","set_43","WeightedEnsemble_L2","mordred",0
"192","set_43","WeightedEnsemble_L2","mordred",1
"193","set_43","WeightedEnsemble_L2","padel",2
"194","set_43","WeightedEnsemble_L2","KlekotaRoth",3
"195","set_43","WeightedEnsemble_L2","SubstructureCount",4
"196","set_44","WeightedEnsemble_L2","AtomPairs2DCount",0
"197","set_44","WeightedEnsemble_L2","MACCS",1
"198","set_44","WeightedEnsemble_L2","AtomPairs2DCount",2
"199","set_44","WeightedEnsemble_L2","AtomPairs2DCount",3
"200","set_44","WeightedEnsemble_L2","MACCS",4
"201","set_45","WeightedEnsemble_L2","SubstructureCount",0
"202","set_45","WeightedEnsemble_L2","KlekotaRoth",1
"203","set_45","WeightedEnsemble_L2","AtomPairs2DCount",2
"204","set_45","WeightedEnsemble_L2","AtomPairs2DCount",3
"205","set_45","WeightedEnsemble_L2","AtomPairs2D",4
"206","set_46","WeightedEnsemble_L2","padel",0
"207","set_46","WeightedEnsemble_L2","AtomPairs2DCount",1
"208","set_46","WeightedEnsemble_L2","padel",2
"209","set_46","WeightedEnsemble_L2","AtomPairs2DCount",3
"210","set_46","WeightedEnsemble_L2","KlekotaRoth",4
"211","set_47","WeightedEnsemble_L2","padel",0
"212","set_47","WeightedEnsemble_L2","mordred",1
"213","set_47","WeightedEnsemble_L2","padel",2
"214","set_47","WeightedEnsemble_L2","padel",3
"215","set_47","WeightedEnsemble_L2","AtomPairs2DCount",4
"216","set_48","WeightedEnsemble_L2","mordred",0
"217","set_48","WeightedEnsemble_L2","KlekotaRothCount",1
"218","set_48","WeightedEnsemble_L2","CDKextended",2
"219","set_48","WeightedEnsemble_L2","AtomPairs2DCount",3
"220","set_48","WeightedEnsemble_L2","KlekotaRoth",4
"221","set_49","WeightedEnsemble_L2","AtomPairs2DCount",0
"222","set_49","WeightedEnsemble_L2","KlekotaRothCount",1
"223","set_49","WeightedEnsemble_L2","KlekotaRothCount",2
"224","set_49","WeightedEnsemble_L2","KlekotaRothCount",3
"225","set_49","WeightedEnsemble_L2","MACCS",4
"226","set_5","WeightedEnsemble_L2","SubstructureCount",0
"227","set_5","WeightedEnsemble_L2","SubstructureCount",1
"228","set_5","WeightedEnsemble_L2","mordred",2
"229","set_5","WeightedEnsemble_L2","mordred",3
"230","set_5","WeightedEnsemble_L2","PubChem",4
"231","set_50","WeightedEnsemble_L2","EState",0
"232","set_50","WeightedEnsemble_L2","KlekotaRoth",1
"233","set_50","WeightedEnsemble_L2","AtomPairs2DCount",2
"234","set_50","WeightedEnsemble_L2","AtomPairs2DCount",3
"235","set_50","WeightedEnsemble_L2","KlekotaRoth",4
"236","set_51","WeightedEnsemble_L2","padel",0
"237","set_51","WeightedEnsemble_L2","AtomPairs2DCount",1
"238","set_51","WeightedEnsemble_L2","KlekotaRoth",2
"239","set_51","WeightedEnsemble_L2","KlekotaRoth",3
"240","set_51","WeightedEnsemble_L2","AtomPairs2DCount",4
"241","set_52","WeightedEnsemble_L2","mordred",0
"242","set_52","WeightedEnsemble_L2","PubChem",1
"243","set_52","WeightedEnsemble_L2","padel",2
"244","set_52","WeightedEnsemble_L2","MACCS",3
"245","set_52","WeightedEnsemble_L2","MACCS",4
"246","set_53","WeightedEnsemble_L2","padel",0
"247","set_53","WeightedEnsemble_L2","mordred",1
"248","set_53","WeightedEnsemble_L2","AtomPairs2DCount",2
"249","set_53","WeightedEnsemble_L2","PubChem",3
"250","set_53","WeightedEnsemble_L2","AtomPairs2DCount",4
"251","set_54","WeightedEnsemble_L2","padel",0
"252","set_54","WeightedEnsemble_L2","CDK",1
"253","set_54","WeightedEnsemble_L2","AtomPairs2D",2
"254","set_54","WeightedEnsemble_L2","AtomPairs2DCount",3
"255","set_54","WeightedEnsemble_L2","AtomPairs2DCount",4
"256","set_55","WeightedEnsemble_L2","AtomPairs2DCount",0
"257","set_55","WeightedEnsemble_L2","mordred",1
"258","set_55","WeightedEnsemble_L2","mordred",2
"259","set_55","WeightedEnsemble_L2","PubChem",3
"260","set_55","WeightedEnsemble_L2","KlekotaRothCount",4
"261","set_56","WeightedEnsemble_L2","KlekotaRoth",0
"262","set_56","WeightedEnsemble_L2","SubstructureCount",1
"263","set_56","WeightedEnsemble_L2","AtomPairs2DCount",2
"264","set_56","WeightedEnsemble_L2","padel",3
"265","set_56","WeightedEnsemble_L2","AtomPairs2DCount",4
"266","set_57","WeightedEnsemble_L2","padel",0
"267","set_57","WeightedEnsemble_L2","padel",1
"268","set_57","WeightedEnsemble_L2","AtomPairs2DCount",2
"269","set_57","WeightedEnsemble_L2","AtomPairs2DCount",3
"270","set_57","WeightedEnsemble_L2","SubstructureCount",4
"271","set_58","WeightedEnsemble_L2","KlekotaRothCount",0
"272","set_58","WeightedEnsemble_L2","KlekotaRothCount",1
"273","set_58","WeightedEnsemble_L2","padel",2
"274","set_58","WeightedEnsemble_L2","MACCS",3
"275","set_58","WeightedEnsemble_L2","KlekotaRothCount",4
"276","set_59","WeightedEnsemble_L2","KlekotaRothCount",0
"277","set_59","WeightedEnsemble_L2","CDKgraphonly",1
"278","set_59","WeightedEnsemble_L2","PubChem",2
"279","set_59","WeightedEnsemble_L2","AtomPairs2DCount",3
"280","set_59","WeightedEnsemble_L2","AtomPairs2DCount",4
"281","set_6","WeightedEnsemble_L2","padel",0
"282","set_6","WeightedEnsemble_L2","padel",1
"283","set_6","WeightedEnsemble_L2","mordred",2
"284","set_6","WeightedEnsemble_L2","padel",3
"285","set_6","WeightedEnsemble_L2","SubstructureCount",4
"286","set_60","WeightedEnsemble_L2","padel",0
"287","set_60","WeightedEnsemble_L2","mordred",1
"288","set_60","WeightedEnsemble_L2","padel",2
"289","set_60","WeightedEnsemble_L2","AtomPairs2DCount",3
"290","set_60","WeightedEnsemble_L2","SubstructureCount",4
"291","set_61","WeightedEnsemble_L2","mordred",0
"292","set_61","WeightedEnsemble_L2","mordred",1
"293","set_61","WeightedEnsemble_L2","PubChem",2
"294","set_61","WeightedEnsemble_L2","SubstructureCount",3
"295","set_61","WeightedEnsemble_L2","SubstructureCount",4
"296","set_62","WeightedEnsemble_L2","KlekotaRothCount",0
"297","set_62","WeightedEnsemble_L2","mordred",1
"298","set_62","WeightedEnsemble_L2","EState",2
"299","set_62","WeightedEnsemble_L2","CDKextended",3
"300","set_62","WeightedEnsemble_L2","SubstructureCount",4
"301","set_63","WeightedEnsemble_L2","AtomPairs2DCount",0
"302","set_63","WeightedEnsemble_L2","KlekotaRothCount",1
"303","set_63","WeightedEnsemble_L2","SubstructureCount",2
"304","set_63","WeightedEnsemble_L2","SubstructureCount",3
"305","set_63","WeightedEnsemble_L2","SubstructureCount",4
"306","set_64","WeightedEnsemble_L2","padel",0
"307","set_64","WeightedEnsemble_L2","mordred",1
"308","set_64","WeightedEnsemble_L2","padel",2
"309","set_64","WeightedEnsemble_L2","mordred",3
"310","set_64","WeightedEnsemble_L2","padel",4
"311","set_65","WeightedEnsemble_L2","padel",0
"312","set_65","WeightedEnsemble_L2","AtomPairs2DCount",1
"313","set_65","WeightedEnsemble_L2","AtomPairs2DCount",2
"314","set_65","WeightedEnsemble_L2","KlekotaRothCount",3
"315","set_65","WeightedEnsemble_L2","AtomPairs2DCount",4
"316","set_66","WeightedEnsemble_L2","mordred",0
"317","set_66","WeightedEnsemble_L2","KlekotaRothCount",1
"318","set_66","WeightedEnsemble_L2","mordred",2
"319","set_66","WeightedEnsemble_L2","CDK",3
"320","set_66","WeightedEnsemble_L2","SubstructureCount",4
"321","set_67","WeightedEnsemble_L2","padel",0
"322","set_67","WeightedEnsemble_L2","padel",1
"323","set_67","WeightedEnsemble_L2","padel",2
"324","set_67","WeightedEnsemble_L2","padel",3
"325","set_67","WeightedEnsemble_L2","KlekotaRothCount",4
"326","set_68","WeightedEnsemble_L2","Substructure",0
"327","set_68","WeightedEnsemble_L2","SubstructureCount",1
"328","set_68","WeightedEnsemble_L2","KlekotaRoth",2
"329","set_68","WeightedEnsemble_L2","padel",3
"330","set_68","WeightedEnsemble_L2","KlekotaRoth",4
"331","set_69","WeightedEnsemble_L2","padel",0
"332","set_69","WeightedEnsemble_L2","mordred",1
"333","set_69","WeightedEnsemble_L2","AtomPairs2DCount",2
"334","set_69","WeightedEnsemble_L2","KlekotaRoth",3
"335","set_69","WeightedEnsemble_L2","CDKgraphonly",4
"336","set_7","WeightedEnsemble_L2","mordred",0
"337","set_7","WeightedEnsemble_L2","CDK",1
"338","set_7","WeightedEnsemble_L2","padel",2
"339","set_7","WeightedEnsemble_L2","padel",3
"340","set_7","WeightedEnsemble_L2","AtomPairs2DCount",4
"341","set_70","WeightedEnsemble_L2","AtomPairs2DCount",0
"342","set_70","WeightedEnsemble_L2","AtomPairs2DCount",1
"343","set_70","WeightedEnsemble_L2","KlekotaRothCount",2
"344","set_70","WeightedEnsemble_L2","mordred",3
"345","set_70","WeightedEnsemble_L2","mordred",4
"346","set_71","WeightedEnsemble_L2","padel",0
"347","set_71","WeightedEnsemble_L2","KlekotaRothCount",1
"348","set_71","WeightedEnsemble_L2","KlekotaRoth",2
"349","set_71","WeightedEnsemble_L2","KlekotaRoth",3
"350","set_71","WeightedEnsemble_L2","MACCS",4
"351","set_72","WeightedEnsemble_L2","padel",0
"352","set_72","WeightedEnsemble_L2","padel",1
"353","set_72","WeightedEnsemble_L2","AtomPairs2DCount",2
"354","set_72","WeightedEnsemble_L2","AtomPairs2DCount",3
"355","set_72","WeightedEnsemble_L2","AtomPairs2D",4
"356","set_73","WeightedEnsemble_L2","padel",0
"357","set_73","WeightedEnsemble_L2","KlekotaRoth",1
"358","set_73","WeightedEnsemble_L2","mordred",2
"359","set_73","WeightedEnsemble_L2","AtomPairs2DCount",3
"360","set_73","WeightedEnsemble_L2","KlekotaRothCount",4
"361","set_74","WeightedEnsemble_L2","mordred",0
"362","set_74","WeightedEnsemble_L2","padel",1
"363","set_74","WeightedEnsemble_L2","mordred",2
"364","set_74","WeightedEnsemble_L2","AtomPairs2DCount",3
"365","set_74","WeightedEnsemble_L2","MACCS",4
"366","set_75","WeightedEnsemble_L2","mordred",0
"367","set_75","WeightedEnsemble_L2","KlekotaRothCount",1
"368","set_75","WeightedEnsemble_L2","padel",2
"369","set_75","WeightedEnsemble_L2","AtomPairs2DCount",3
"370","set_75","WeightedEnsemble_L2","mordred",4
"371","set_76","WeightedEnsemble_L2","mordred",0
"372","set_76","WeightedEnsemble_L2","padel",1
"373","set_76","WeightedEnsemble_L2","AtomPairs2DCount",2
"374","set_76","WeightedEnsemble_L2","KlekotaRothCount",3
"375","set_76","WeightedEnsemble_L2","AtomPairs2DCount",4
"376","set_77","WeightedEnsemble_L2","PubChem",0
"377","set_77","WeightedEnsemble_L2","AtomPairs2D",1
"378","set_77","WeightedEnsemble_L2","padel",2
"379","set_77","WeightedEnsemble_L2","CDKgraphonly",3
"380","set_77","WeightedEnsemble_L2","MACCS",4
"381","set_78","WeightedEnsemble_L2","mordred",0
"382","set_78","WeightedEnsemble_L2","AtomPairs2DCount",1
"383","set_78","WeightedEnsemble_L2","PubChem",2
"384","set_78","WeightedEnsemble_L2","mordred",3
"385","set_78","WeightedEnsemble_L2","AtomPairs2DCount",4
"386","set_79","WeightedEnsemble_L2","padel",0
"387","set_79","WeightedEnsemble_L2","padel",1
"388","set_79","WeightedEnsemble_L2","SubstructureCount",2
"389","set_79","WeightedEnsemble_L2","KlekotaRothCount",3
"390","set_79","WeightedEnsemble_L2","padel",4
"391","set_8","WeightedEnsemble_L2","padel",0
"392","set_8","WeightedEnsemble_L2","AtomPairs2D",1
"393","set_8","WeightedEnsemble_L2","MACCS",2
"394","set_8","WeightedEnsemble_L2","padel",3
"395","set_8","WeightedEnsemble_L2","padel",4
"396","set_80","WeightedEnsemble_L2","mordred",0
"397","set_80","WeightedEnsemble_L2","padel",1
"398","set_80","WeightedEnsemble_L2","padel",2
"399","set_80","WeightedEnsemble_L2","KlekotaRoth",3
"400","set_80","WeightedEnsemble_L2","padel",4
"401","set_81","WeightedEnsemble_L2","mordred",0
"402","set_81","WeightedEnsemble_L2","AtomPairs2DCount",1
"403","set_81","WeightedEnsemble_L2","padel",2
"404","set_81","WeightedEnsemble_L2","EState",3
"405","set_81","WeightedEnsemble_L2","SubstructureCount",4
"406","set_82","WeightedEnsemble_L2","mordred",0
"407","set_82","WeightedEnsemble_L2","mordred",1
"408","set_82","WeightedEnsemble_L2","mordred",2
"409","set_82","WeightedEnsemble_L2","EState",3
"410","set_82","WeightedEnsemble_L2","SubstructureCount",4
"411","set_83","WeightedEnsemble_L2","AtomPairs2DCount",0
"412","set_83","WeightedEnsemble_L2","SubstructureCount",1
"413","set_83","WeightedEnsemble_L2","SubstructureCount",2
"414","set_83","WeightedEnsemble_L2","AtomPairs2DCount",3
"415","set_83","WeightedEnsemble_L2","AtomPairs2DCount",4
"416","set_84","WeightedEnsemble_L2","mordred",0
"417","set_84","WeightedEnsemble_L2","mordred",1
"418","set_84","WeightedEnsemble_L2","AtomPairs2DCount",2
"419","set_84","WeightedEnsemble_L2","mordred",3
"420","set_84","WeightedEnsemble_L2","AtomPairs2DCount",4
"421","set_85","WeightedEnsemble_L2","PubChem",0
"422","set_85","WeightedEnsemble_L2","AtomPairs2DCount",1
"423","set_85","WeightedEnsemble_L2","AtomPairs2D",2
"424","set_85","WeightedEnsemble_L2","CDKextended",3
"425","set_85","WeightedEnsemble_L2","mordred",4
"426","set_86","WeightedEnsemble_L2","mordred",0
"427","set_86","WeightedEnsemble_L2","mordred",1
"428","set_86","WeightedEnsemble_L2","AtomPairs2DCount",2
"429","set_86","WeightedEnsemble_L2","PubChem",3
"430","set_86","WeightedEnsemble_L2","SubstructureCount",4
"431","set_87","WeightedEnsemble_L2","AtomPairs2DCount",0
"432","set_87","WeightedEnsemble_L2","mordred",1
"433","set_87","WeightedEnsemble_L2","mordred",2
"434","set_87","WeightedEnsemble_L2","SubstructureCount",3
"435","set_87","WeightedEnsemble_L2","MACCS",4
"436","set_88","WeightedEnsemble_L2","AtomPairs2DCount",0
"437","set_88","WeightedEnsemble_L2","KlekotaRothCount",1
"438","set_88","WeightedEnsemble_L2","mordred",2
"439","set_88","WeightedEnsemble_L2","mordred",3
"440","set_88","WeightedEnsemble_L2","AtomPairs2D",4
"441","set_89","WeightedEnsemble_L2","Substructure",0
"442","set_89","WeightedEnsemble_L2","mordred",1
"443","set_89","WeightedEnsemble_L2","padel",2
"444","set_89","WeightedEnsemble_L2","KlekotaRothCount",3
"445","set_89","WeightedEnsemble_L2","AtomPairs2DCount",4
"446","set_9","WeightedEnsemble_L2","padel",0
"447","set_9","WeightedEnsemble_L2","AtomPairs2DCount",1
"448","set_9","WeightedEnsemble_L2","AtomPairs2DCount",2
"449","set_9","WeightedEnsemble_L2","AtomPairs2DCount",3
"450","set_9","WeightedEnsemble_L2","padel",4
"451","set_90","WeightedEnsemble_L2","padel",0
"452","set_90","WeightedEnsemble_L2","mordred",1
"453","set_90","WeightedEnsemble_L2","AtomPairs2DCount",2
"454","set_90","WeightedEnsemble_L2","KlekotaRothCount",3
"455","set_90","WeightedEnsemble_L2","KlekotaRothCount",4
"456","set_91","WeightedEnsemble_L2","AtomPairs2DCount",0
"457","set_91","WeightedEnsemble_L2","PubChem",1
"458","set_91","WeightedEnsemble_L2","AtomPairs2DCount",2
"459","set_91","WeightedEnsemble_L2","padel",3
"460","set_91","WeightedEnsemble_L2","SubstructureCount",4
"461","set_92","WeightedEnsemble_L2","padel",0
"462","set_92","WeightedEnsemble_L2","padel",1
"463","set_92","WeightedEnsemble_L2","padel",2
"464","set_92","WeightedEnsemble_L2","mordred",3
"465","set_92","WeightedEnsemble_L2","AtomPairs2DCount",4
"466","set_93","WeightedEnsemble_L2","mordred",0
"467","set_93","WeightedEnsemble_L2","KlekotaRothCount",1
"468","set_93","WeightedEnsemble_L2","padel",2
"469","set_93","WeightedEnsemble_L2","padel",3
"470","set_93","WeightedEnsemble_L2","SubstructureCount",4
"471","set_94","WeightedEnsemble_L2","AtomPairs2D",0
"472","set_94","WeightedEnsemble_L2","AtomPairs2DCount",1
"473","set_94","WeightedEnsemble_L2","SubstructureCount",2
"474","set_94","WeightedEnsemble_L2","mordred",3
"475","set_94","WeightedEnsemble_L2","SubstructureCount",4
"476","set_95","WeightedEnsemble_L2","mordred",0
"477","set_95","WeightedEnsemble_L2","mordred",1
"478","set_95","WeightedEnsemble_L2","MACCS",2
"479","set_95","WeightedEnsemble_L2","MACCS",3
"480","set_95","WeightedEnsemble_L2","AtomPairs2DCount",4
"481","set_96","WeightedEnsemble_L2","padel",0
"482","set_96","WeightedEnsemble_L2","SubstructureCount",1
"483","set_96","WeightedEnsemble_L2","padel",2
"484","set_96","WeightedEnsemble_L2","AtomPairs2D",3
"485","set_96","WeightedEnsemble_L2","MACCS",4
"486","set_97","WeightedEnsemble_L2","EState",0
"487","set_97","WeightedEnsemble_L2","PubChem",1
"488","set_97","WeightedEnsemble_L2","mordred",2
"489","set_97","WeightedEnsemble_L2","mordred",3
"490","set_97","WeightedEnsemble_L2","mordred",4
"491","set_98","WeightedEnsemble_L2","SubstructureCount",0
"492","set_98","WeightedEnsemble_L2","PubChem",1
"493","set_98","WeightedEnsemble_L2","mordred",2
"494","set_98","WeightedEnsemble_L2","KlekotaRoth",3
"495","set_98","WeightedEnsemble_L2","padel",4
"496","set_99","WeightedEnsemble_L2","SubstructureCount",0
"497","set_99","WeightedEnsemble_L2","PubChem",1
"498","set_99","WeightedEnsemble_L2","mordred",2
"499","set_99","WeightedEnsemble_L2","KlekotaRothCount",3
"500","set_99","WeightedEnsemble_L2","KlekotaRoth",4
